699,public
700,public
683,public
684,public
685,public
686,public
687,public
688,public
689,public
690,public
691,public
692,public
693,public
694,public
695,public
696,public
697,public
698,public
701,public
702,public
703,public
704,public
705,public
706,public
707,public
708,public
709,public
710,public
711,public
712,public
713,public
714,public
715,public
716,public
717,public
718,public
719,public
720,public
721,public
722,public
723,public
724,public
725,public
726,public
728,public
729,public
730,public
731,public
732,public
733,public
734,public
735,public
736,public
737,public
738,public
739,public
740,public
741,public
742,public
743,public
744,public
745,public
746,public
747,public
748,public
749,public
750,public
751,public
752,public
753,public
754,public
755,public
756,public
757,public
758,public
759,public
760,public
761,public
762,public
763,public
764,public
766,public
767,public
768,public
769,public
770,public
771,public
772,public
773,public
774,public
775,public
776,public
777,public
778,public
779,public
780,public
781,public
782,public
783,public
784,public
785,public
786,public
787,public
788,public
789,public
790,public
791,public
792,public
793,public
794,public
795,public
796,public
797,public
798,public
799,public
800,public
801,public
802,public
803,public
804,public
805,public
806,public
807,public
808,public
809,public
810,public
811,public
812,public
813,public
814,public
815,public
816,public
817,public
818,public
819,public
820,public
821,public
822,public
823,public
824,public
825,public
826,public
827,public
828,public
829,public
830,public
831,public
832,public
833,public
834,public
835,public
836,public
837,public
838,public
839,public
840,public
841,public
842,public
843,public
844,public
845,public
846,public
847,
847,
847,
848,public
848,
848,
849,public
849,
849,
850,
850,
850,
851,public
851,
851,
852,public
852,
852,
853,
853,
853,
854,public
854,
854,
855,public
855,
855,
856,public
856,
856,
857,public
857,
857,
858,public
858,
858,
859,public
859,
859,
860,public
860,
860,
861,public
861,
861,
862,public
862,
862,
863,public
863,
863,
864,public
864,
864,
865,public
865,
865,
866,public
866,
866,
867,public
867,
867,
868,public
868,
868,
869,public
869,
869,
870,public
870,
870,
871,public
871,
871,
872,public
872,
872,
873,public
873,
873,
874,public
874,
874,
875,public
875,
875,
876,public
876,
876,
877,public
877,
877,
878,public
878,
878,
879,public
879,
879,
880,public
880,
880,
881,public
881,
881,
882,public
882,
882,
883,public
883,
883,
884,public
884,
884,
885,public
885,
885,
886,public
886,
886,
887,public
887,
887,
888,public
888,
888,
889,public
889,
889,
890,public
890,
890,
891,public
891,
891,
892,public
892,
892,
893,public
893,
893,
894,public
894,
894,
895,public
895,
895,
896,public
896,
896,
897,public
897,
897,
898,public
898,
898,
899,public
899,
899,
900,public
900,
900,
901,public
901,
901,
902,public
902,
902,
903,public
903,
903,
904,public
904,
904,
905,public
905,
905,
906,public
906,
906,
907,public
907,
907,
908,
908,
908,
